﻿<parameters>
  <parameter name="IIS Web Application Name" defaultValue="Default Web Site/" tags="IisApp">
    <parameterEntry kind="ProviderPath" scope="IisApp" match="^C:\\Users\\sourabh\\source\\repos\\TuneWorldFinal\\TuneWorldFinal\\obj\\Debug\\Package\\PackageTmp$" />
    <parameterEntry kind="ProviderPath" scope="setAcl" match="^C:\\Users\\sourabh\\source\\repos\\TuneWorldFinal\\TuneWorldFinal\\obj\\Debug\\Package\\PackageTmp$" />
  </parameter>
  <parameter name="DefaultConnection-Web.config Connection String" description="DefaultConnection Connection String used in web.config by the application to access the database." defaultValue="Data Source=rds-mysql-tuneworlddb.ckvz7fwpemm2.us-east-1.rds.amazonaws.com;Database=TuneWorldDB;User Id=masterUsername;       Password=hbaruosnSJSU21;MultipleActiveResultSets=True" tags="SqlConnectionString">
    <parameterEntry kind="XmlFile" scope="C:\\Users\\sourabh\\source\\repos\\TuneWorldFinal\\TuneWorldFinal\\obj\\Debug\\Package\\PackageTmp\\Web\.config$" match="/configuration/connectionStrings/add[@name='DefaultConnection']/@connectionString" />
  </parameter>
  <parameter name="TuneWorldDBEntities-Web.config Connection String" description="TuneWorldDBEntities Connection String used in web.config by the application to access the database." defaultValue="metadata=res://*/TuneWorldModel.csdl|res://*/TuneWorldModel.ssdl|res://*/TuneWorldModel.msl;provider=System.Data.SqlClient;provider connection string=&quot;data source=rds-mysql-tuneworlddb.ckvz7fwpemm2.us-east-1.rds.amazonaws.com;initial catalog=TuneWorldDB;user id=masterUsername;password=hbaruosnSJSU21;multipleactiveresultsets=True;App=EntityFramework&quot;" tags="SqlConnectionString">
    <parameterEntry kind="XmlFile" scope="C:\\Users\\sourabh\\source\\repos\\TuneWorldFinal\\TuneWorldFinal\\obj\\Debug\\Package\\PackageTmp\\Web\.config$" match="/configuration/connectionStrings/add[@name='TuneWorldDBEntities']/@connectionString" />
  </parameter>
</parameters>